 MUNDO DO CELULAR,1
ADRIANA BOMBONS,1
ALEATORY,1
AMANDAS MAKES,1
AMERICANAS,2
APPLE TECH,1
BABY KIDS,1
BLUE CHOPP,1
BOBS,1
BUNNY'S,1
BURGER KING,1
CACAU SHOW,1
CAMISARIA COLOMBO,1
CARICANECAS,1
CARTÓRIO FÁCIL,1
CHARMOZIÊ,1
CHAVEIRO ROCHA,1
CHILLI BEANS,1
CIA DO TERNO,1
CIA DO VERÃO,1
CINEMA LUMIÈRE,1
COLCCI,1
COLÉGIO INTERAÇÃO,1
DEUSA MARQUES ESTÉTICA,1
DIVINO FOGÃO,1
DONA FLOR,1
EMPORIO WEAR,1
ESPAÇO PIMENTINHA KIDS,1
FRAGATA LAVAJATO,1
GIRAFFAS,1
GOLLOG,1
HUNTS,1
IMPACT ENGLISH SCHOOL,1
JALAPÃO 100 LIMITES,1
KINSUI,1
LESSENCE SEMIJOIAS,1
LILIAN AREDES CLOSET,1
LUPO,1
MCDONALD'S,1
MED PREV,1
MYPHONE,1
NHÔ SORVETES,1
O BOTICARIO,1
ODONTO MEDEIROS,1
ORIGINAL BLUE,1
ÓTICAS VISION GOLDEN,1
PITICAS,1
PONTO CHOPP,1
PROVANZA,1
QUARTETTO,2
RADIO CONEXÃO,1
SALÃO NOVO ESTILO,1
SAMSUNG,1
SANTA LOLLA,1
SCAMBOO,1
SIXXIS,1
SOBRANCELHAS DESIGN,1
SPAGUETTINNI,1
TATS CHICKEN,1
VESTTY,1
